Source,Target,Type,Id,Label,timeset,Weight
0,1,Directed,1,,,1
0,2,Directed,2,,,1
0,3,Directed,3,,,1
0,4,Directed,4,,,1
0,5,Directed,5,,,1
0,6,Directed,6,,,1
0,7,Directed,7,,,1
0,8,Directed,8,,,1
0,9,Directed,9,,,1
0,10,Directed,10,,,1
0,11,Directed,11,,,1
0,12,Directed,12,,,1
0,13,Directed,13,,,1
0,14,Directed,14,,,1
0,15,Directed,15,,,1
16,1,Directed,16,,,1
16,6,Directed,17,,,1
16,11,Directed,18,,,1
16,17,Directed,19,,,1
16,18,Directed,20,,,1
16,19,Directed,21,,,1
16,20,Directed,22,,,1
16,21,Directed,23,,,1
16,22,Directed,24,,,1
16,23,Directed,25,,,1
16,24,Directed,26,,,1
16,25,Directed,27,,,1
16,26,Directed,28,,,1
16,27,Directed,29,,,1
16,28,Directed,30,,,1
16,29,Directed,31,,,1
16,30,Directed,32,,,1
16,31,Directed,33,,,1
16,32,Directed,34,,,1
16,33,Directed,35,,,1
16,34,Directed,36,,,1
16,35,Directed,37,,,1
16,36,Directed,38,,,1
16,37,Directed,39,,,1
16,38,Directed,40,,,1
16,39,Directed,41,,,1
16,40,Directed,42,,,1
41,18,Directed,43,,,1
41,42,Directed,44,,,1
41,12,Directed,45,,,1
41,43,Directed,46,,,1
41,1,Directed,47,,,1
41,6,Directed,48,,,1
41,128,Directed,49,,,1
41,127,Directed,50,,,1
41,126,Directed,51,,,1
41,125,Directed,52,,,1
41,124,Directed,53,,,1
41,123,Directed,54,,,1
41,122,Directed,55,,,1
41,121,Directed,56,,,1
41,120,Directed,57,,,1
41,119,Directed,58,,,1
41,118,Directed,59,,,1
41,44,Directed,60,,,1
41,45,Directed,61,,,1
41,46,Directed,62,,,1
41,47,Directed,63,,,1
41,48,Directed,64,,,1
41,49,Directed,65,,,1
41,11,Undirected,1965,,,1
41,51,Directed,67,,,1
41,52,Directed,68,,,1
41,53,Directed,69,,,1
41,54,Directed,70,,,1
41,55,Directed,71,,,1
41,56,Directed,72,,,1
41,57,Directed,73,,,1
41,58,Directed,74,,,1
41,59,Directed,75,,,1
41,60,Directed,76,,,1
41,61,Directed,77,,,1
41,62,Directed,78,,,1
1471,24,Undirected,1890,,,1
41,64,Directed,80,,,1
41,65,Directed,81,,,1
41,66,Directed,82,,,1
41,67,Directed,83,,,1
41,68,Directed,84,,,1
41,69,Directed,85,,,1
41,70,Directed,86,,,1
41,71,Directed,87,,,1
41,72,Directed,88,,,1
41,73,Directed,89,,,1
41,74,Directed,90,,,1
41,75,Directed,91,,,1
41,76,Directed,92,,,1
41,77,Directed,93,,,1
41,78,Directed,94,,,1
41,79,Directed,95,,,1
41,80,Directed,96,,,1
41,81,Directed,97,,,1
41,82,Directed,98,,,1
41,83,Directed,99,,,1
41,84,Directed,100,,,1
41,85,Directed,101,,,1
41,86,Directed,102,,,1
41,87,Directed,103,,,1
41,88,Directed,104,,,1
41,89,Directed,105,,,1
41,90,Directed,106,,,1
41,91,Directed,107,,,1
41,30,Undirected,327,,,1
41,93,Directed,109,,,1
41,94,Directed,110,,,1
130,68,Undirected,664,,,1
1375,54,Undirected,1730,,,1
41,97,Directed,113,,,1
41,98,Directed,114,,,1
1050,48,Undirected,1281,,,1
41,100,Directed,116,,,1
41,101,Directed,117,,,1
41,102,Directed,118,,,1
41,103,Directed,119,,,1
41,104,Directed,120,,,1
41,105,Directed,121,,,1
41,106,Directed,122,,,1
41,107,Directed,123,,,1
41,108,Directed,124,,,1
41,109,Directed,125,,,1
41,110,Directed,126,,,1
41,111,Directed,127,,,1
41,112,Directed,128,,,1
41,113,Directed,129,,,1
41,114,Directed,130,,,1
41,115,Directed,131,,,1
41,116,Directed,132,,,1
41,117,Directed,133,,,1
129,1,Undirected,134,,,1
129,3,Undirected,135,,,1
130,6,Undirected,136,,,1
131,6,Undirected,137,,,1
132,6,Undirected,138,,,1
129,6,Undirected,139,,,1
133,6,Undirected,140,,,1
134,6,Undirected,141,,,1
135,6,Undirected,142,,,1
136,6,Undirected,143,,,1
137,7,Undirected,144,,,1
138,7,Undirected,145,,,1
139,7,Undirected,146,,,1
140,7,Undirected,147,,,1
141,7,Undirected,148,,,1
142,7,Undirected,149,,,1
143,7,Undirected,150,,,1
144,7,Undirected,151,,,1
145,7,Undirected,152,,,1
146,7,Undirected,153,,,1
147,7,Undirected,154,,,1
148,7,Undirected,155,,,1
149,7,Undirected,156,,,1
150,7,Undirected,157,,,1
151,7,Undirected,158,,,1
152,7,Undirected,159,,,1
153,7,Undirected,160,,,1
154,7,Undirected,161,,,1
155,7,Undirected,162,,,1
156,7,Undirected,163,,,1
157,7,Undirected,164,,,1
158,7,Undirected,165,,,1
151,26,Undirected,295,,,1
160,7,Undirected,167,,,1
161,7,Undirected,168,,,1
162,7,Undirected,169,,,1
163,7,Undirected,170,,,1
164,7,Undirected,171,,,1
165,7,Undirected,172,,,1
166,7,Undirected,173,,,1
167,7,Undirected,174,,,1
168,7,Undirected,175,,,1
129,10,Undirected,176,,,1
169,12,Undirected,177,,,1
170,12,Undirected,178,,,1
171,12,Undirected,179,,,1
172,12,Undirected,180,,,1
167,12,Undirected,181,,,1
173,13,Undirected,182,,,1
129,13,Undirected,183,,,1
174,13,Undirected,184,,,1
175,13,Undirected,185,,,1
129,14,Undirected,186,,,1
176,1,Undirected,187,,,1
177,1,Undirected,188,,,1
178,1,Undirected,189,,,1
179,1,Undirected,190,,,1
180,1,Undirected,191,,,1
181,1,Undirected,192,,,1
182,1,Undirected,193,,,1
183,1,Undirected,194,,,1
184,1,Undirected,195,,,1
185,1,Undirected,196,,,1
186,1,Undirected,197,,,1
1339,1,Undirected,2002,,,1
187,1,Undirected,199,,,1
459,36,Directed,502,,,1
189,1,Undirected,201,,,1
134,1,Undirected,202,,,1
191,1,Undirected,203,,,1
136,1,Undirected,204,,,1
193,1,Undirected,205,,,1
194,1,Undirected,206,,,1
195,1,Undirected,207,,,1
196,1,Undirected,208,,,1
197,1,Undirected,209,,,1
198,1,Undirected,210,,,1
199,1,Undirected,211,,,1
200,1,Undirected,212,,,1
201,1,Undirected,213,,,1
202,1,Undirected,214,,,1
203,1,Undirected,215,,,1
204,1,Undirected,216,,,1
205,1,Undirected,217,,,1
206,1,Undirected,218,,,1
132,1,Undirected,219,,,1
207,1,Undirected,220,,,1
208,1,Undirected,221,,,1
174,1,Undirected,222,,,1
210,1,Undirected,223,,,1
211,1,Undirected,224,,,1
212,1,Undirected,225,,,1
213,1,Undirected,226,,,1
214,1,Undirected,227,,,1
215,1,Undirected,228,,,1
216,1,Undirected,229,,,1
217,1,Undirected,230,,,1
218,1,Undirected,231,,,1
219,1,Undirected,232,,,1
220,1,Undirected,233,,,1
221,1,Undirected,234,,,1
222,1,Undirected,235,,,1
223,1,Undirected,236,,,1
224,1,Undirected,237,,,1
225,1,Undirected,238,,,1
226,1,Undirected,239,,,1
129,15,Undirected,240,,,1
227,22,Undirected,241,,,1
228,22,Undirected,242,,,1
229,22,Undirected,243,,,1
230,22,Undirected,244,,,1
231,22,Undirected,245,,,1
232,22,Undirected,246,,,1
233,22,Undirected,247,,,1
234,22,Undirected,248,,,1
235,22,Undirected,249,,,1
236,22,Undirected,250,,,1
237,22,Undirected,251,,,1
238,22,Undirected,252,,,1
239,22,Undirected,253,,,1
240,22,Undirected,254,,,1
241,22,Undirected,255,,,1
242,22,Undirected,256,,,1
243,22,Undirected,257,,,1
244,22,Undirected,258,,,1
245,22,Undirected,259,,,1
246,22,Undirected,260,,,1
247,22,Undirected,261,,,1
248,22,Undirected,262,,,1
249,22,Undirected,263,,,1
250,22,Undirected,264,,,1
251,22,Undirected,265,,,1
252,22,Undirected,266,,,1
253,22,Undirected,267,,,1
254,22,Undirected,268,,,1
255,22,Undirected,269,,,1
256,22,Undirected,270,,,1
257,22,Undirected,271,,,1
258,22,Undirected,272,,,1
259,22,Undirected,273,,,1
260,22,Undirected,274,,,1
261,22,Undirected,275,,,1
262,22,Undirected,276,,,1
264,22,Undirected,277,,,1
266,22,Undirected,278,,,1
267,23,Undirected,279,,,1
268,23,Undirected,280,,,1
269,23,Undirected,281,,,1
270,23,Undirected,282,,,1
271,23,Undirected,283,,,1
272,23,Undirected,284,,,1
160,23,Undirected,285,,,1
275,23,Undirected,286,,,1
276,23,Undirected,287,,,1
277,23,Undirected,288,,,1
278,23,Undirected,289,,,1
279,23,Undirected,290,,,1
280,23,Undirected,291,,,1
281,26,Undirected,292,,,1
282,26,Undirected,293,,,1
285,26,Undirected,296,,,1
287,26,Undirected,297,,,1
288,26,Undirected,298,,,1
289,26,Undirected,299,,,1
291,26,Undirected,300,,,1
292,26,Undirected,301,,,1
294,26,Undirected,302,,,1
295,26,Undirected,303,,,1
296,26,Undirected,304,,,1
166,26,Undirected,305,,,1
298,26,Undirected,306,,,1
299,26,Undirected,307,,,1
146,26,Undirected,308,,,1
300,26,Undirected,309,,,1
301,26,Undirected,310,,,1
302,6,Undirected,311,,,1
303,31,Undirected,312,,,1
304,31,Undirected,313,,,1
305,31,Undirected,314,,,1
306,31,Undirected,315,,,1
307,29,Undirected,317,,,1
308,29,Undirected,318,,,1
309,20,Undirected,319,,,1
310,20,Undirected,320,,,1
311,20,Undirected,321,,,1
312,20,Undirected,322,,,1
313,20,Undirected,323,,,1
287,20,Undirected,324,,,1
314,20,Undirected,325,,,1
315,28,Undirected,326,,,1
130,30,Undirected,328,,,1
287,27,Undirected,329,,,1
282,27,Undirected,330,,,1
158,27,Undirected,331,,,1
317,27,Undirected,332,,,1
318,27,Undirected,333,,,1
319,27,Undirected,334,,,1
151,27,Undirected,335,,,1
289,27,Undirected,336,,,1
320,27,Undirected,337,,,1
281,27,Undirected,338,,,1
321,27,Undirected,339,,,1
322,19,Undirected,340,,,1
323,19,Undirected,341,,,1
324,19,Undirected,342,,,1
139,19,Undirected,343,,,1
326,19,Undirected,344,,,1
327,19,Undirected,345,,,1
328,19,Undirected,346,,,1
329,19,Undirected,347,,,1
330,19,Undirected,348,,,1
331,19,Undirected,349,,,1
332,19,Undirected,350,,,1
333,19,Undirected,351,,,1
334,19,Undirected,352,,,1
335,19,Undirected,353,,,1
336,19,Undirected,354,,,1
337,19,Undirected,355,,,1
338,19,Undirected,356,,,1
339,19,Undirected,357,,,1
340,19,Undirected,358,,,1
341,19,Undirected,359,,,1
342,19,Undirected,360,,,1
343,19,Undirected,361,,,1
344,19,Undirected,362,,,1
345,19,Undirected,363,,,1
346,19,Undirected,364,,,1
347,19,Undirected,365,,,1
348,19,Undirected,366,,,1
301,19,Undirected,367,,,1
350,19,Undirected,368,,,1
351,19,Undirected,369,,,1
353,19,Undirected,370,,,1
354,19,Undirected,371,,,1
296,19,Undirected,372,,,1
355,19,Undirected,373,,,1
356,19,Undirected,374,,,1
357,19,Undirected,375,,,1
358,19,Undirected,376,,,1
359,19,Undirected,377,,,1
360,19,Undirected,378,,,1
361,19,Undirected,379,,,1
362,19,Undirected,380,,,1
363,19,Undirected,381,,,1
364,19,Undirected,382,,,1
365,19,Undirected,383,,,1
300,19,Undirected,384,,,1
366,19,Undirected,385,,,1
173,20,Undirected,386,,,1
274,23,Undirected,387,,,1
367,20,Undirected,388,,,1
368,20,Undirected,389,,,1
379,17,Undirected,401,,,1
370,20,Undirected,391,,,1
378,17,Undirected,400,,,1
377,17,Undirected,399,,,1
380,17,Undirected,402,,,1
198,17,Undirected,403,,,1
381,17,Undirected,404,,,1
383,17,Undirected,405,,,1
384,17,Undirected,406,,,1
385,17,Undirected,407,,,1
386,17,Undirected,408,,,1
199,17,Undirected,409,,,1
387,17,Undirected,410,,,1
215,17,Undirected,411,,,1
388,17,Undirected,412,,,1
382,17,Undirected,413,,,1
178,24,Undirected,414,,,1
389,24,Undirected,415,,,1
390,24,Undirected,416,,,1
295,24,Undirected,417,,,1
318,24,Undirected,418,,,1
391,24,Undirected,419,,,1
289,24,Undirected,420,,,1
319,24,Undirected,421,,,1
321,24,Undirected,422,,,1
392,24,Undirected,423,,,1
393,24,Undirected,424,,,1
394,24,Undirected,425,,,1
395,33,Undirected,427,,,1
396,33,Undirected,428,,,1
199,33,Undirected,429,,,1
397,33,Undirected,430,,,1
400,11,Undirected,433,,,1
401,11,Undirected,434,,,1
402,11,Undirected,435,,,1
403,11,Undirected,436,,,1
167,11,Undirected,437,,,1
404,11,Undirected,438,,,1
405,11,Undirected,439,,,1
406,11,Undirected,440,,,1
407,11,Undirected,441,,,1
408,11,Undirected,442,,,1
166,11,Undirected,443,,,1
409,11,Undirected,444,,,1
331,11,Undirected,445,,,1
410,11,Undirected,446,,,1
389,11,Undirected,447,,,1
151,11,Undirected,448,,,1
412,11,Undirected,449,,,1
160,25,Undirected,521,,,1
296,11,Undirected,451,,,1
329,11,Undirected,452,,,1
414,11,Undirected,453,,,1
415,11,Undirected,454,,,1
416,11,Undirected,455,,,1
417,11,Undirected,456,,,1
418,11,Undirected,457,,,1
419,11,Undirected,458,,,1
345,11,Undirected,459,,,1
420,18,Undirected,460,,,1
421,18,Undirected,461,,,1
422,18,Undirected,462,,,1
423,18,Undirected,463,,,1
424,18,Undirected,464,,,1
425,18,Undirected,465,,,1
426,18,Undirected,466,,,1
173,18,Undirected,467,,,1
427,18,Undirected,468,,,1
428,18,Undirected,469,,,1
429,18,Undirected,470,,,1
430,18,Undirected,471,,,1
431,18,Undirected,472,,,1
202,18,Undirected,473,,,1
432,18,Undirected,474,,,1
433,18,Undirected,475,,,1
434,18,Undirected,476,,,1
435,18,Undirected,477,,,1
436,18,Undirected,478,,,1
437,18,Undirected,479,,,1
438,18,Undirected,480,,,1
439,18,Undirected,481,,,1
440,18,Undirected,482,,,1
441,18,Directed,484,,,1
442,18,Directed,485,,,1
443,18,Directed,486,,,1
444,18,Directed,487,,,1
445,18,Directed,488,,,1
446,18,Directed,489,,,1
447,18,Directed,490,,,1
448,18,Directed,491,,,1
449,18,Directed,492,,,1
200,18,Directed,493,,,1
303,18,Directed,494,,,1
455,28,Directed,497,,,1
456,28,Directed,498,,,1
303,28,Directed,499,,,1
457,28,Directed,500,,,1
175,1,Directed,501,,,1
460,36,Directed,503,,,1
461,36,Directed,504,,,1
462,36,Directed,505,,,1
377,36,Directed,506,,,1
464,36,Directed,507,,,1
465,36,Directed,508,,,1
466,36,Directed,509,,,1
467,36,Directed,510,,,1
131,1,Undirected,513,,,1
470,1,Undirected,514,,,1
130,1,Undirected,515,,,1
471,40,Undirected,516,,,1
472,40,Undirected,517,,,1
473,40,Undirected,518,,,1
474,40,Undirected,519,,,1
146,11,Undirected,520,,,1
361,25,Undirected,522,,,1
320,25,Undirected,523,,,1
281,25,Undirected,524,,,1
282,25,Undirected,525,,,1
289,25,Undirected,526,,,1
166,25,Undirected,527,,,1
288,25,Undirected,528,,,1
476,25,Undirected,529,,,1
287,25,Undirected,530,,,1
291,25,Undirected,531,,,1
292,25,Undirected,532,,,1
477,25,Undirected,533,,,1
299,25,Undirected,534,,,1
295,25,Undirected,535,,,1
298,25,Undirected,536,,,1
294,25,Undirected,537,,,1
296,25,Undirected,538,,,1
478,25,Undirected,539,,,1
301,25,Undirected,540,,,1
146,25,Undirected,541,,,1
300,25,Undirected,542,,,1
479,75,Undirected,543,,,1
480,75,Undirected,544,,,1
233,75,Undirected,545,,,1
482,75,Undirected,546,,,1
483,75,Undirected,547,,,1
484,75,Undirected,548,,,1
485,75,Undirected,549,,,1
486,75,Undirected,550,,,1
487,75,Undirected,551,,,1
488,75,Undirected,552,,,1
474,75,Undirected,553,,,1
490,75,Undirected,554,,,1
491,75,Undirected,555,,,1
492,75,Undirected,556,,,1
493,75,Undirected,557,,,1
494,75,Undirected,558,,,1
495,75,Undirected,559,,,1
496,75,Undirected,560,,,1
497,75,Undirected,561,,,1
498,75,Undirected,562,,,1
499,75,Undirected,563,,,1
502,94,Undirected,565,,,1
503,94,Undirected,566,,,1
504,94,Undirected,567,,,1
506,113,Undirected,570,,,1
132,113,Undirected,571,,,1
201,113,Undirected,572,,,1
131,113,Undirected,573,,,1
130,113,Undirected,574,,,1
203,113,Undirected,575,,,1
508,113,Undirected,576,,,1
509,113,Undirected,577,,,1
510,113,Undirected,578,,,1
512,113,Undirected,579,,,1
513,113,Undirected,580,,,1
514,113,Undirected,581,,,1
515,113,Undirected,582,,,1
521,59,Undirected,589,,,1
519,31,Undirected,587,,,1
520,59,Undirected,588,,,1
522,59,Undirected,590,,,1
523,59,Undirected,591,,,1
524,59,Undirected,592,,,1
526,59,Undirected,593,,,1
527,59,Undirected,594,,,1
528,59,Undirected,595,,,1
529,59,Undirected,596,,,1
530,59,Undirected,597,,,1
531,59,Undirected,598,,,1
532,59,Undirected,599,,,1
534,59,Undirected,600,,,1
535,59,Undirected,601,,,1
536,59,Undirected,602,,,1
537,59,Undirected,603,,,1
538,59,Undirected,604,,,1
539,59,Undirected,605,,,1
540,59,Undirected,606,,,1
541,59,Undirected,607,,,1
542,59,Undirected,608,,,1
543,59,Undirected,609,,,1
544,59,Undirected,610,,,1
545,59,Undirected,611,,,1
546,59,Undirected,612,,,1
547,59,Undirected,613,,,1
548,59,Undirected,614,,,1
549,59,Undirected,615,,,1
550,59,Undirected,616,,,1
551,59,Undirected,617,,,1
552,59,Undirected,618,,,1
553,59,Undirected,619,,,1
554,59,Undirected,620,,,1
555,59,Undirected,621,,,1
556,59,Undirected,622,,,1
558,59,Undirected,623,,,1
559,59,Undirected,624,,,1
560,59,Undirected,625,,,1
561,59,Undirected,626,,,1
562,59,Undirected,627,,,1
520,45,Undirected,1098,,,1
533,59,Undirected,629,,,1
525,59,Undirected,630,,,1
557,59,Undirected,631,,,1
219,117,Undirected,763,,,1
41,563,Undirected,633,,,1
565,563,Undirected,634,,,1
386,563,Undirected,635,,,1
567,563,Undirected,636,,,1
568,563,Undirected,637,,,1
569,563,Undirected,638,,,1
570,563,Undirected,639,,,1
571,563,Undirected,640,,,1
223,563,Undirected,641,,,1
572,563,Undirected,642,,,1
573,563,Undirected,643,,,1
574,563,Undirected,644,,,1
575,563,Undirected,645,,,1
509,103,Undirected,646,,,1
576,103,Undirected,647,,,1
577,103,Undirected,648,,,1
578,103,Undirected,649,,,1
579,103,Undirected,650,,,1
580,103,Undirected,651,,,1
581,103,Undirected,652,,,1
582,103,Undirected,653,,,1
583,103,Undirected,654,,,1
584,103,Undirected,655,,,1
585,103,Undirected,656,,,1
586,103,Undirected,657,,,1
587,103,Undirected,658,,,1
588,103,Undirected,659,,,1
589,103,Undirected,660,,,1
590,103,Undirected,661,,,1
591,103,Undirected,662,,,1
592,103,Undirected,663,,,1
470,68,Undirected,665,,,1
173,68,Undirected,666,,,1
136,68,Undirected,667,,,1
199,68,Undirected,668,,,1
302,68,Undirected,669,,,1
215,68,Undirected,670,,,1
196,68,Undirected,671,,,1
174,68,Undirected,672,,,1
178,68,Undirected,673,,,1
593,90,Undirected,674,,,1
594,90,Undirected,675,,,1
595,90,Undirected,676,,,1
509,90,Undirected,677,,,1
596,90,Undirected,678,,,1
597,90,Undirected,679,,,1
226,90,Undirected,680,,,1
598,90,Undirected,681,,,1
599,90,Undirected,682,,,1
600,114,Undirected,683,,,1
601,114,Undirected,684,,,1
602,114,Undirected,685,,,1
474,114,Undirected,686,,,1
603,114,Undirected,687,,,1
604,114,Undirected,688,,,1
605,114,Undirected,689,,,1
606,114,Undirected,690,,,1
607,114,Undirected,691,,,1
226,114,Undirected,692,,,1
608,114,Undirected,693,,,1
155,42,Undirected,694,,,1
609,42,Undirected,695,,,1
610,42,Undirected,696,,,1
611,42,Undirected,697,,,1
612,42,Undirected,698,,,1
613,42,Undirected,699,,,1
614,42,Undirected,700,,,1
615,42,Undirected,701,,,1
143,42,Undirected,702,,,1
138,42,Undirected,703,,,1
617,42,Undirected,704,,,1
618,42,Undirected,705,,,1
619,42,Undirected,706,,,1
141,42,Undirected,707,,,1
621,42,Undirected,708,,,1
622,42,Undirected,709,,,1
160,42,Undirected,710,,,1
332,42,Undirected,711,,,1
623,42,Undirected,712,,,1
326,42,Undirected,713,,,1
624,42,Undirected,714,,,1
625,42,Undirected,715,,,1
626,42,Undirected,716,,,1
627,42,Undirected,717,,,1
131,42,Undirected,718,,,1
628,42,Undirected,719,,,1
629,42,Undirected,720,,,1
630,42,Undirected,721,,,1
631,42,Undirected,722,,,1
632,42,Undirected,723,,,1
634,42,Undirected,724,,,1
635,42,Undirected,725,,,1
636,42,Undirected,726,,,1
150,42,Undirected,727,,,1
415,42,Undirected,728,,,1
144,42,Undirected,729,,,1
637,42,Undirected,730,,,1
342,42,Undirected,731,,,1
145,42,Undirected,732,,,1
415,42,Undirected,733,,,1
638,42,Undirected,734,,,1
639,42,Undirected,735,,,1
321,42,Undirected,736,,,1
318,42,Undirected,737,,,1
640,42,Undirected,738,,,1
641,42,Undirected,739,,,1
642,42,Undirected,740,,,1
643,42,Undirected,741,,,1
495,42,Undirected,742,,,1
644,42,Undirected,743,,,1
644,56,Undirected,744,,,1
548,56,Undirected,745,,,1
647,56,Undirected,746,,,1
648,56,Undirected,747,,,1
529,56,Undirected,748,,,1
649,56,Undirected,749,,,1
650,56,Undirected,750,,,1
651,56,Undirected,751,,,1
652,56,Undirected,752,,,1
653,56,Undirected,753,,,1
654,56,Undirected,754,,,1
655,56,Undirected,755,,,1
656,117,Undirected,756,,,1
594,117,Undirected,757,,,1
657,117,Undirected,758,,,1
658,117,Undirected,759,,,1
315,117,Undirected,760,,,1
659,117,Undirected,761,,,1
219,563,Undirected,762,,,1
660,117,Undirected,764,,,1
661,117,Undirected,765,,,1
662,117,Undirected,766,,,1
663,117,Undirected,767,,,1
664,117,Undirected,768,,,1
665,56,Undirected,771,,,1
645,56,Undirected,770,,,1
666,56,Undirected,772,,,1
667,56,Undirected,773,,,1
668,56,Undirected,774,,,1
669,56,Undirected,775,,,1
670,56,Undirected,776,,,1
671,56,Undirected,777,,,1
672,56,Undirected,778,,,1
522,45,Undirected,779,,,1
447,45,Undirected,780,,,1
506,110,Undirected,781,,,1
673,110,Undirected,782,,,1
674,110,Undirected,783,,,1
603,110,Undirected,784,,,1
675,110,Undirected,785,,,1
676,110,Undirected,786,,,1
509,110,Undirected,787,,,1
677,110,Undirected,788,,,1
186,110,Undirected,789,,,1
135,110,Undirected,790,,,1
678,110,Undirected,791,,,1
679,73,Undirected,792,,,1
508,73,Undirected,793,,,1
506,73,Undirected,794,,,1
681,73,Undirected,795,,,1
682,73,Undirected,796,,,1
683,73,Undirected,797,,,1
684,73,Undirected,798,,,1
685,73,Undirected,799,,,1
515,73,Undirected,800,,,1
686,73,Undirected,801,,,1
174,73,Undirected,802,,,1
687,73,Undirected,803,,,1
688,73,Undirected,804,,,1
689,73,Undirected,805,,,1
690,73,Undirected,806,,,1
691,73,Undirected,807,,,1
692,73,Undirected,808,,,1
510,73,Undirected,809,,,1
693,73,Undirected,810,,,1
336,73,Undirected,811,,,1
694,68,Undirected,812,,,1
695,68,Undirected,813,,,1
696,68,Undirected,814,,,1
697,68,Undirected,815,,,1
698,68,Undirected,816,,,1
699,68,Undirected,817,,,1
700,68,Undirected,818,,,1
701,68,Undirected,819,,,1
702,68,Undirected,820,,,1
703,68,Undirected,821,,,1
704,68,Undirected,822,,,1
705,68,Undirected,823,,,1
706,68,Undirected,824,,,1
707,68,Undirected,825,,,1
708,68,Undirected,826,,,1
709,68,Undirected,827,,,1
710,68,Undirected,828,,,1
711,68,Undirected,829,,,1
712,68,Undirected,830,,,1
713,68,Undirected,831,,,1
715,125,Undirected,833,,,1
716,125,Undirected,834,,,1
717,125,Undirected,835,,,1
718,125,Undirected,836,,,1
154,125,Undirected,837,,,1
719,125,Undirected,838,,,1
720,125,Undirected,839,,,1
721,125,Undirected,840,,,1
722,125,Undirected,841,,,1
723,125,Undirected,842,,,1
724,125,Undirected,843,,,1
725,125,Undirected,844,,,1
726,125,Undirected,845,,,1
727,125,Undirected,846,,,1
728,125,Undirected,847,,,1
729,49,Undirected,848,,,1
730,49,Undirected,849,,,1
731,49,Undirected,850,,,1
732,49,Undirected,851,,,1
544,49,Undirected,852,,,1
733,49,Undirected,853,,,1
681,49,Undirected,854,,,1
734,49,Undirected,855,,,1
448,49,Undirected,856,,,1
735,49,Undirected,857,,,1
736,49,Undirected,858,,,1
737,49,Undirected,859,,,1
738,49,Undirected,860,,,1
739,49,Undirected,861,,,1
740,49,Undirected,862,,,1
506,49,Undirected,863,,,1
741,49,Undirected,864,,,1
742,49,Undirected,865,,,1
743,49,Undirected,866,,,1
744,49,Undirected,867,,,1
745,49,Undirected,868,,,1
474,49,Undirected,869,,,1
746,49,Undirected,870,,,1
747,49,Undirected,871,,,1
749,49,Undirected,873,,,1
750,49,Undirected,874,,,1
459,49,Undirected,875,,,1
751,49,Undirected,876,,,1
752,49,Undirected,877,,,1
753,49,Undirected,878,,,1
754,49,Undirected,879,,,1
444,49,Undirected,880,,,1
446,49,Undirected,881,,,1
201,49,Undirected,882,,,1
755,49,Undirected,883,,,1
674,49,Undirected,884,,,1
756,49,Undirected,885,,,1
758,49,Undirected,886,,,1
695,49,Undirected,887,,,1
759,49,Undirected,888,,,1
760,49,Undirected,889,,,1
761,49,Undirected,890,,,1
762,49,Undirected,891,,,1
763,49,Undirected,892,,,1
764,49,Undirected,893,,,1
199,49,Undirected,894,,,1
765,49,Undirected,895,,,1
207,49,Undirected,896,,,1
766,49,Undirected,897,,,1
767,49,Undirected,898,,,1
768,49,Undirected,899,,,1
769,49,Undirected,900,,,1
770,49,Undirected,901,,,1
771,49,Undirected,902,,,1
772,49,Undirected,903,,,1
773,49,Undirected,904,,,1
774,49,Undirected,905,,,1
219,49,Undirected,906,,,1
775,49,Undirected,907,,,1
776,49,Undirected,908,,,1
777,49,Undirected,909,,,1
778,49,Undirected,910,,,1
202,49,Undirected,911,,,1
779,49,Undirected,912,,,1
780,49,Undirected,913,,,1
781,49,Undirected,914,,,1
782,49,Undirected,915,,,1
783,49,Undirected,916,,,1
784,49,Undirected,917,,,1
785,49,Undirected,918,,,1
226,49,Undirected,919,,,1
659,49,Undirected,920,,,1
786,49,Undirected,921,,,1
787,49,Undirected,922,,,1
788,49,Undirected,923,,,1
790,49,Undirected,924,,,1
791,49,Undirected,925,,,1
660,49,Undirected,926,,,1
792,49,Undirected,927,,,1
793,49,Undirected,928,,,1
528,49,Undirected,929,,,1
794,49,Undirected,930,,,1
795,49,Undirected,931,,,1
796,49,Undirected,932,,,1
797,49,Undirected,933,,,1
515,49,Undirected,934,,,1
685,49,Undirected,935,,,1
798,49,Undirected,936,,,1
799,49,Undirected,937,,,1
512,49,Undirected,938,,,1
800,49,Undirected,939,,,1
801,49,Undirected,940,,,1
802,49,Undirected,941,,,1
803,49,Undirected,942,,,1
131,49,Undirected,943,,,1
804,49,Undirected,944,,,1
470,49,Undirected,945,,,1
805,49,Undirected,946,,,1
806,49,Undirected,947,,,1
807,49,Undirected,948,,,1
808,49,Undirected,949,,,1
809,49,Undirected,950,,,1
810,49,Undirected,951,,,1
811,49,Undirected,952,,,1
812,49,Undirected,953,,,1
813,49,Undirected,954,,,1
814,49,Undirected,955,,,1
815,49,Undirected,956,,,1
816,49,Undirected,957,,,1
817,49,Undirected,958,,,1
818,49,Undirected,959,,,1
676,49,Undirected,960,,,1
819,49,Undirected,961,,,1
820,49,Undirected,962,,,1
821,49,Undirected,963,,,1
822,49,Undirected,964,,,1
823,49,Undirected,965,,,1
824,49,Undirected,966,,,1
825,49,Undirected,967,,,1
826,49,Undirected,968,,,1
827,49,Undirected,969,,,1
828,49,Undirected,970,,,1
829,49,Undirected,971,,,1
830,49,Undirected,972,,,1
831,49,Undirected,973,,,1
686,49,Undirected,974,,,1
832,49,Undirected,975,,,1
833,49,Undirected,976,,,1
394,49,Undirected,977,,,1
834,49,Undirected,978,,,1
835,49,Undirected,979,,,1
836,49,Undirected,980,,,1
484,49,Undirected,981,,,1
837,49,Undirected,982,,,1
838,49,Undirected,983,,,1
839,49,Undirected,984,,,1
840,49,Undirected,985,,,1
136,49,Undirected,986,,,1
841,49,Undirected,987,,,1
842,49,Undirected,988,,,1
843,49,Undirected,989,,,1
844,49,Undirected,990,,,1
845,49,Undirected,991,,,1
846,49,Undirected,992,,,1
847,49,Undirected,993,,,1
848,49,Undirected,994,,,1
849,49,Undirected,995,,,1
850,49,Undirected,996,,,1
851,49,Undirected,997,,,1
852,49,Undirected,998,,,1
853,49,Undirected,999,,,1
854,49,Undirected,1000,,,1
855,49,Undirected,1001,,,1
856,49,Undirected,1002,,,1
857,49,Undirected,1003,,,1
651,49,Undirected,1004,,,1
858,49,Undirected,1005,,,1
697,49,Undirected,1006,,,1
859,49,Undirected,1007,,,1
860,49,Undirected,1008,,,1
861,49,Undirected,1009,,,1
862,49,Undirected,1010,,,1
863,49,Undirected,1011,,,1
663,49,Undirected,1012,,,1
208,49,Undirected,1013,,,1
864,49,Undirected,1014,,,1
865,49,Undirected,1015,,,1
866,49,Undirected,1016,,,1
867,49,Undirected,1017,,,1
868,49,Undirected,1018,,,1
368,49,Undirected,1019,,,1
520,49,Undirected,1020,,,1
594,49,Undirected,1021,,,1
869,49,Undirected,1022,,,1
203,49,Undirected,1023,,,1
870,49,Undirected,1024,,,1
871,49,Undirected,1025,,,1
872,49,Undirected,1026,,,1
873,49,Undirected,1027,,,1
874,49,Undirected,1028,,,1
875,49,Undirected,1029,,,1
521,49,Undirected,1030,,,1
130,49,Undirected,1031,,,1
557,49,Undirected,1032,,,1
545,49,Undirected,1033,,,1
876,49,Undirected,1034,,,1
877,49,Undirected,1035,,,1
485,49,Undirected,1036,,,1
878,49,Undirected,1037,,,1
879,49,Undirected,1038,,,1
880,49,Undirected,1039,,,1
881,49,Undirected,1040,,,1
882,49,Undirected,1041,,,1
883,49,Undirected,1042,,,1
884,49,Undirected,1043,,,1
885,49,Undirected,1044,,,1
886,49,Undirected,1045,,,1
887,49,Undirected,1046,,,1
888,49,Undirected,1047,,,1
224,49,Undirected,1048,,,1
889,49,Undirected,1049,,,1
890,49,Undirected,1050,,,1
891,49,Undirected,1051,,,1
892,49,Undirected,1052,,,1
893,49,Undirected,1053,,,1
894,49,Undirected,1054,,,1
895,49,Undirected,1055,,,1
896,49,Undirected,1056,,,1
897,49,Undirected,1057,,,1
898,49,Undirected,1058,,,1
215,49,Undirected,1059,,,1
899,49,Undirected,1060,,,1
900,49,Undirected,1061,,,1
901,49,Undirected,1062,,,1
443,49,Undirected,1063,,,1
902,49,Undirected,1064,,,1
903,49,Undirected,1065,,,1
904,49,Undirected,1066,,,1
905,49,Undirected,1067,,,1
906,49,Undirected,1068,,,1
907,49,Undirected,1069,,,1
908,49,Undirected,1070,,,1
909,49,Undirected,1071,,,1
480,49,Undirected,1072,,,1
910,49,Undirected,1073,,,1
911,49,Undirected,1074,,,1
912,49,Undirected,1075,,,1
913,49,Undirected,1076,,,1
914,49,Undirected,1077,,,1
915,49,Undirected,1078,,,1
916,49,Undirected,1079,,,1
917,49,Undirected,1080,,,1
918,49,Undirected,1081,,,1
918,1,Undirected,1082,,,1
492,49,Undirected,1083,,,1
919,49,Undirected,1084,,,1
920,49,Undirected,1085,,,1
173,49,Undirected,1086,,,1
921,49,Undirected,1087,,,1
922,49,Undirected,1088,,,1
923,49,Undirected,1089,,,1
924,49,Undirected,1090,,,1
925,49,Undirected,1091,,,1
593,49,Undirected,1092,,,1
789,49,Undirected,1093,,,1
765,45,Undirected,1094,,,1
543,45,Undirected,1095,,,1
532,45,Undirected,1096,,,1
524,45,Undirected,1097,,,1
926,45,Undirected,1099,,,1
548,45,Undirected,1100,,,1
545,45,Undirected,1101,,,1
927,45,Undirected,1102,,,1
928,45,Undirected,1103,,,1
929,45,Undirected,1104,,,1
930,45,Undirected,1105,,,1
523,45,Undirected,1106,,,1
547,45,Undirected,1107,,,1
665,45,Undirected,1108,,,1
521,45,Undirected,1109,,,1
536,45,Undirected,1110,,,1
551,45,Undirected,1111,,,1
931,45,Undirected,1112,,,1
537,45,Undirected,1113,,,1
932,45,Undirected,1114,,,1
535,45,Undirected,1115,,,1
933,45,Undirected,1116,,,1
934,45,Undirected,1117,,,1
935,45,Undirected,1118,,,1
652,45,Undirected,1119,,,1
936,45,Undirected,1120,,,1
937,45,Undirected,1121,,,1
938,45,Undirected,1122,,,1
939,45,Undirected,1123,,,1
940,45,Undirected,1124,,,1
941,45,Undirected,1125,,,1
942,45,Undirected,1126,,,1
943,45,Undirected,1127,,,1
944,45,Undirected,1128,,,1
561,45,Undirected,1129,,,1
527,45,Undirected,1130,,,1
945,45,Undirected,1131,,,1
541,45,Undirected,1132,,,1
946,45,Undirected,1133,,,1
555,45,Undirected,1134,,,1
332,107,Undirected,1135,,,1
947,107,Undirected,1136,,,1
948,107,Undirected,1137,,,1
636,107,Undirected,1138,,,1
166,107,Undirected,1139,,,1
618,107,Undirected,1140,,,1
949,107,Undirected,1141,,,1
950,107,Undirected,1142,,,1
951,107,Undirected,1143,,,1
621,107,Undirected,1144,,,1
952,107,Undirected,1145,,,1
953,107,Undirected,1146,,,1
409,107,Undirected,1147,,,1
287,107,Undirected,1148,,,1
167,107,Undirected,1149,,,1
954,107,Undirected,1150,,,1
955,76,Undirected,1151,,,1
956,76,Undirected,1152,,,1
957,76,Undirected,1153,,,1
958,76,Undirected,1154,,,1
959,76,Undirected,1155,,,1
960,76,Undirected,1156,,,1
961,76,Undirected,1157,,,1
962,76,Undirected,1158,,,1
963,76,Undirected,1159,,,1
964,76,Undirected,1160,,,1
277,76,Undirected,1161,,,1
965,76,Undirected,1162,,,1
966,76,Undirected,1163,,,1
967,76,Undirected,1164,,,1
968,76,Undirected,1165,,,1
969,76,Undirected,1166,,,1
970,76,Undirected,1167,,,1
971,76,Undirected,1168,,,1
328,76,Undirected,1169,,,1
972,76,Undirected,1170,,,1
973,76,Undirected,1171,,,1
974,76,Undirected,1172,,,1
975,62,Undirected,1173,,,1
733,62,Undirected,1174,,,1
208,62,Undirected,1175,,,1
976,62,Undirected,1176,,,1
977,62,Undirected,1177,,,1
978,62,Undirected,1178,,,1
979,62,Undirected,1179,,,1
656,62,Undirected,1180,,,1
980,62,Undirected,1181,,,1
901,62,Undirected,1182,,,1
448,62,Undirected,1183,,,1
981,62,Undirected,1184,,,1
370,62,Undirected,1185,,,1
826,62,Undirected,1186,,,1
803,62,Undirected,1187,,,1
851,62,Undirected,1188,,,1
811,62,Undirected,1189,,,1
807,62,Undirected,1190,,,1
514,62,Undirected,1191,,,1
982,62,Undirected,1192,,,1
850,62,Undirected,1193,,,1
843,62,Undirected,1194,,,1
484,62,Undirected,1195,,,1
983,62,Undirected,1196,,,1
984,62,Undirected,1197,,,1
924,62,Undirected,1198,,,1
985,62,Undirected,1199,,,1
986,62,Undirected,1200,,,1
861,62,Undirected,1201,,,1
987,62,Undirected,1202,,,1
988,127,Undirected,1203,,,1
989,127,Undirected,1204,,,1
990,127,Undirected,1205,,,1
659,127,Undirected,1206,,,1
991,127,Undirected,1207,,,1
388,127,Undirected,1208,,,1
992,127,Undirected,1209,,,1
955,127,Undirected,1210,,,1
464,127,Undirected,1211,,,1
470,6,Undirected,1212,,,1
918,6,Undirected,1213,,,1
993,83,Undirected,1214,,,1
994,83,Undirected,1215,,,1
995,83,Undirected,1216,,,1
996,83,Undirected,1217,,,1
997,83,Undirected,1218,,,1
678,83,Undirected,1219,,,1
998,83,Undirected,1220,,,1
999,83,Undirected,1221,,,1
1000,83,Undirected,1222,,,1
1001,83,Undirected,1223,,,1
1002,83,Undirected,1224,,,1
1003,83,Undirected,1225,,,1
1004,83,Undirected,1226,,,1
1005,83,Undirected,1227,,,1
1006,83,Undirected,1228,,,1
1007,83,Undirected,1229,,,1
1008,83,Undirected,1230,,,1
1009,83,Undirected,1231,,,1
1010,83,Undirected,1232,,,1
1011,83,Undirected,1233,,,1
479,83,Undirected,1234,,,1
1012,83,Undirected,1235,,,1
1013,83,Undirected,1236,,,1
1014,83,Undirected,1237,,,1
1015,83,Undirected,1238,,,1
821,104,Undirected,1239,,,1
992,104,Undirected,1240,,,1
1016,104,Undirected,1241,,,1
1017,104,Undirected,1242,,,1
878,104,Undirected,1243,,,1
1018,104,Undirected,1244,,,1
1019,104,Undirected,1245,,,1
964,104,Undirected,1246,,,1
966,104,Undirected,1247,,,1
1020,104,Undirected,1248,,,1
1021,104,Undirected,1249,,,1
962,104,Undirected,1250,,,1
958,104,Undirected,1251,,,1
1022,104,Undirected,1252,,,1
1023,49,Undirected,1253,,,1
1024,49,Undirected,1254,,,1
1025,49,Undirected,1255,,,1
1026,49,Undirected,1256,,,1
189,49,Undirected,1257,,,1
1027,49,Undirected,1258,,,1
1028,101,Undirected,1259,,,1
1029,101,Undirected,1260,,,1
1030,101,Undirected,1261,,,1
1031,101,Undirected,1262,,,1
1032,101,Undirected,1263,,,1
1033,101,Undirected,1264,,,1
1034,101,Undirected,1265,,,1
1035,101,Undirected,1266,,,1
1036,101,Undirected,1267,,,1
1037,101,Undirected,1268,,,1
1038,101,Undirected,1269,,,1
1039,101,Undirected,1270,,,1
1040,101,Undirected,1271,,,1
1041,101,Undirected,1272,,,1
1042,101,Undirected,1273,,,1
1043,101,Undirected,1274,,,1
1044,101,Undirected,1275,,,1
1045,101,Undirected,1276,,,1
1046,127,Undirected,1277,,,1
1047,127,Undirected,1278,,,1
1048,127,Undirected,1279,,,1
1049,127,Undirected,1280,,,1
1051,48,Undirected,1282,,,1
1052,48,Undirected,1283,,,1
1053,48,Undirected,1284,,,1
1054,48,Undirected,1285,,,1
657,52,Undirected,1462,,,1
878,48,Undirected,1287,,,1
598,48,Undirected,1288,,,1
905,48,Undirected,1289,,,1
595,48,Undirected,1290,,,1
1056,48,Undirected,1291,,,1
1057,48,Undirected,1292,,,1
1058,48,Undirected,1293,,,1
1059,48,Undirected,1294,,,1
1060,48,Undirected,1295,,,1
1061,48,Undirected,1296,,,1
1062,48,Undirected,1297,,,1
1063,48,Undirected,1298,,,1
1064,48,Undirected,1299,,,1
681,48,Undirected,1300,,,1
1065,48,Undirected,1301,,,1
361,48,Undirected,1302,,,1
1066,48,Undirected,1303,,,1
1067,48,Undirected,1304,,,1
1068,48,Undirected,1305,,,1
1069,48,Undirected,1306,,,1
904,48,Undirected,1307,,,1
814,48,Undirected,1308,,,1
606,48,Undirected,1309,,,1
1070,48,Undirected,1310,,,1
1071,48,Undirected,1311,,,1
1072,48,Undirected,1312,,,1
1073,48,Undirected,1313,,,1
1074,48,Undirected,1314,,,1
1075,48,Undirected,1315,,,1
1076,48,Undirected,1316,,,1
1077,48,Undirected,1317,,,1
1078,48,Undirected,1318,,,1
1079,48,Undirected,1319,,,1
1080,48,Undirected,1320,,,1
1081,48,Undirected,1321,,,1
1082,48,Undirected,1322,,,1
1083,48,Undirected,1323,,,1
1084,48,Undirected,1324,,,1
1085,48,Undirected,1325,,,1
715,48,Undirected,1326,,,1
1086,48,Undirected,1327,,,1
1087,48,Undirected,1328,,,1
269,48,Undirected,1329,,,1
1088,48,Undirected,1330,,,1
1089,48,Undirected,1331,,,1
1090,48,Undirected,1332,,,1
1091,48,Undirected,1333,,,1
1092,48,Undirected,1334,,,1
689,48,Undirected,1335,,,1
226,48,Undirected,1336,,,1
1093,48,Undirected,1337,,,1
1094,48,Undirected,1338,,,1
1095,48,Undirected,1339,,,1
1096,48,Undirected,1340,,,1
509,48,Undirected,1341,,,1
1097,48,Undirected,1342,,,1
1098,48,Undirected,1343,,,1
1099,48,Undirected,1344,,,1
1100,48,Undirected,1345,,,1
1101,48,Undirected,1346,,,1
1102,48,Undirected,1347,,,1
1103,48,Undirected,1348,,,1
1104,48,Undirected,1349,,,1
1105,48,Undirected,1350,,,1
1106,48,Undirected,1351,,,1
968,48,Undirected,1352,,,1
506,48,Undirected,1353,,,1
1107,48,Undirected,1354,,,1
1108,48,Undirected,1355,,,1
1109,48,Undirected,1356,,,1
1110,48,Undirected,1357,,,1
1111,48,Undirected,1358,,,1
1112,48,Undirected,1359,,,1
957,48,Undirected,1360,,,1
1113,48,Undirected,1361,,,1
1114,48,Undirected,1362,,,1
1115,48,Undirected,1363,,,1
772,48,Undirected,1364,,,1
1116,48,Undirected,1365,,,1
1117,48,Undirected,1366,,,1
1118,48,Undirected,1367,,,1
1119,48,Undirected,1368,,,1
1120,48,Undirected,1369,,,1
1156,128,Undirected,1413,,,1
1122,48,Undirected,1371,,,1
1123,48,Undirected,1372,,,1
1124,48,Undirected,1373,,,1
1125,48,Undirected,1374,,,1
1126,48,Undirected,1375,,,1
1127,48,Undirected,1376,,,1
1128,48,Undirected,1377,,,1
1129,48,Undirected,1378,,,1
1130,48,Undirected,1379,,,1
1131,48,Undirected,1380,,,1
1132,48,Undirected,1381,,,1
1133,48,Undirected,1382,,,1
596,48,Undirected,1383,,,1
1134,48,Undirected,1384,,,1
1135,48,Undirected,1385,,,1
959,48,Undirected,1386,,,1
1136,48,Undirected,1387,,,1
1014,48,Undirected,1388,,,1
1137,48,Undirected,1389,,,1
1138,48,Undirected,1390,,,1
1139,48,Undirected,1391,,,1
1140,48,Undirected,1392,,,1
1141,121,Undirected,1393,,,1
1142,121,Undirected,1394,,,1
1143,121,Undirected,1395,,,1
1144,121,Undirected,1396,,,1
1145,121,Undirected,1397,,,1
1017,121,Undirected,1398,,,1
1146,121,Undirected,1399,,,1
1147,121,Undirected,1400,,,1
1148,121,Undirected,1401,,,1
1149,121,Undirected,1402,,,1
1150,121,Undirected,1403,,,1
1151,128,Undirected,1405,,,1
1152,128,Undirected,1406,,,1
1136,128,Undirected,1407,,,1
1153,128,Undirected,1408,,,1
1154,128,Undirected,1409,,,1
1155,128,Undirected,1410,,,1
996,128,Undirected,1411,,,1
996,48,Undirected,1412,,,1
1157,128,Undirected,1414,,,1
1158,128,Undirected,1415,,,1
1159,128,Undirected,1416,,,1
431,52,Undirected,1417,,,1
1160,52,Undirected,1418,,,1
1161,52,Undirected,1419,,,1
1162,52,Undirected,1420,,,1
1163,52,Undirected,1421,,,1
443,52,Undirected,1422,,,1
1164,52,Undirected,1423,,,1
660,52,Undirected,1424,,,1
506,52,Undirected,1425,,,1
1165,52,Undirected,1426,,,1
1166,52,Undirected,1427,,,1
368,52,Undirected,1428,,,1
219,52,Undirected,1429,,,1
684,52,Undirected,1430,,,1
840,52,Undirected,1431,,,1
394,52,Undirected,1432,,,1
1167,52,Undirected,1433,,,1
1168,52,Undirected,1434,,,1
771,52,Undirected,1435,,,1
1169,52,Undirected,1436,,,1
1170,52,Undirected,1437,,,1
1171,52,Undirected,1438,,,1
1172,52,Undirected,1439,,,1
1173,52,Undirected,1440,,,1
1174,52,Undirected,1441,,,1
1175,52,Undirected,1442,,,1
1176,52,Undirected,1443,,,1
1177,52,Undirected,1444,,,1
1178,52,Undirected,1445,,,1
1179,52,Undirected,1446,,,1
839,52,Undirected,1447,,,1
1180,52,Undirected,1448,,,1
1181,52,Undirected,1449,,,1
470,52,Undirected,1450,,,1
1182,52,Undirected,1451,,,1
224,52,Undirected,1452,,,1
1183,52,Undirected,1453,,,1
1184,52,Undirected,1454,,,1
132,52,Undirected,1455,,,1
202,52,Undirected,1456,,,1
1185,52,Undirected,1457,,,1
1186,52,Undirected,1458,,,1
1187,52,Undirected,1459,,,1
1188,52,Undirected,1460,,,1
581,48,Undirected,1461,,,1
749,52,Undirected,1463,,,1
745,52,Undirected,1464,,,1
1189,52,Undirected,1465,,,1
1190,52,Undirected,1466,,,1
918,52,Undirected,1467,,,1
1191,52,Undirected,1468,,,1
1192,52,Undirected,1469,,,1
510,52,Undirected,1470,,,1
1193,52,Undirected,1471,,,1
1194,52,Undirected,1472,,,1
594,52,Undirected,1473,,,1
1195,52,Undirected,1474,,,1
1196,52,Undirected,1475,,,1
1197,52,Undirected,1476,,,1
1198,52,Undirected,1477,,,1
1199,52,Undirected,1478,,,1
1200,52,Undirected,1479,,,1
1201,52,Undirected,1480,,,1
1202,52,Undirected,1481,,,1
1203,52,Undirected,1482,,,1
1204,52,Undirected,1483,,,1
1205,52,Undirected,1484,,,1
485,52,Undirected,1485,,,1
1206,52,Undirected,1486,,,1
1207,52,Undirected,1487,,,1
1208,52,Undirected,1488,,,1
1209,52,Undirected,1489,,,1
1210,52,Undirected,1490,,,1
1211,52,Undirected,1491,,,1
735,52,Undirected,1492,,,1
1212,52,Undirected,1493,,,1
1213,52,Undirected,1494,,,1
663,52,Undirected,1495,,,1
1214,52,Undirected,1496,,,1
764,52,Undirected,1497,,,1
817,52,Undirected,1498,,,1
1215,52,Undirected,1499,,,1
1216,52,Undirected,1500,,,1
1217,52,Undirected,1501,,,1
1218,52,Undirected,1502,,,1
664,52,Undirected,1503,,,1
1219,52,Undirected,1504,,,1
569,52,Undirected,1505,,,1
1220,52,Undirected,1506,,,1
203,52,Undirected,1507,,,1
508,52,Undirected,1508,,,1
1221,52,Undirected,1509,,,1
1222,52,Undirected,1510,,,1
1223,52,Undirected,1511,,,1
1224,52,Undirected,1512,,,1
1225,52,Undirected,1513,,,1
593,52,Undirected,1514,,,1
130,52,Undirected,1515,,,1
219,52,Undirected,1516,,,1
1226,52,Undirected,1517,,,1
681,52,Undirected,1518,,,1
1227,52,Undirected,1519,,,1
218,52,Undirected,1520,,,1
847,52,Undirected,1521,,,1
659,52,Undirected,1522,,,1
1228,52,Undirected,1523,,,1
225,52,Undirected,1524,,,1
1229,52,Undirected,1525,,,1
1230,52,Undirected,1526,,,1
1231,52,Undirected,1527,,,1
1232,52,Undirected,1528,,,1
1233,52,Undirected,1529,,,1
1234,52,Undirected,1530,,,1
1235,52,Undirected,1531,,,1
1236,52,Undirected,1532,,,1
1237,52,Undirected,1533,,,1
1238,52,Undirected,1534,,,1
1239,52,Undirected,1535,,,1
201,52,Undirected,1536,,,1
223,52,Undirected,1537,,,1
173,52,Undirected,1538,,,1
1240,52,Undirected,1539,,,1
1241,52,Undirected,1540,,,1
914,52,Undirected,1541,,,1
1242,52,Undirected,1542,,,1
1243,52,Undirected,1543,,,1
919,52,Undirected,1544,,,1
1244,52,Undirected,1545,,,1
746,52,Undirected,1546,,,1
1245,52,Undirected,1547,,,1
1246,52,Undirected,1548,,,1
1247,52,Undirected,1549,,,1
1248,52,Undirected,1550,,,1
1249,52,Undirected,1551,,,1
1250,52,Undirected,1552,,,1
894,52,Undirected,1553,,,1
1251,52,Undirected,1554,,,1
1252,52,Undirected,1555,,,1
1253,52,Undirected,1556,,,1
1254,52,Undirected,1557,,,1
1255,52,Undirected,1558,,,1
1256,52,Undirected,1559,,,1
1257,52,Undirected,1560,,,1
1258,52,Undirected,1561,,,1
515,52,Undirected,1562,,,1
1259,52,Undirected,1563,,,1
810,52,Undirected,1564,,,1
1260,52,Undirected,1565,,,1
1261,52,Undirected,1566,,,1
1262,52,Undirected,1567,,,1
1263,52,Undirected,1568,,,1
509,52,Undirected,1569,,,1
200,52,Undirected,1570,,,1
656,52,Undirected,1571,,,1
1264,52,Undirected,1572,,,1
1265,52,Undirected,1573,,,1
679,52,Undirected,1574,,,1
1266,122,Undirected,1575,,,1
1267,122,Undirected,1576,,,1
1268,122,Undirected,1577,,,1
1269,122,Undirected,1578,,,1
1270,122,Undirected,1579,,,1
581,122,Undirected,1580,,,1
1271,122,Undirected,1581,,,1
1272,122,Undirected,1582,,,1
596,122,Undirected,1583,,,1
1273,122,Undirected,1584,,,1
1000,122,Undirected,1585,,,1
1274,66,Undirected,1586,,,1
1275,66,Undirected,1587,,,1
1126,66,Undirected,1588,,,1
1276,66,Undirected,1589,,,1
1277,66,Undirected,1590,,,1
996,66,Undirected,1591,,,1
1278,66,Undirected,1592,,,1
1279,66,Undirected,1593,,,1
1280,66,Undirected,1594,,,1
277,66,Undirected,1595,,,1
1281,66,Undirected,1596,,,1
1282,66,Undirected,1597,,,1
1283,66,Undirected,1598,,,1
1284,66,Undirected,1599,,,1
1285,66,Undirected,1600,,,1
993,66,Undirected,1601,,,1
772,66,Undirected,1602,,,1
1286,66,Undirected,1603,,,1
1287,66,Undirected,1604,,,1
1288,66,Undirected,1605,,,1
1289,66,Undirected,1606,,,1
1290,66,Undirected,1607,,,1
1291,66,Undirected,1608,,,1
1292,66,Undirected,1609,,,1
974,66,Undirected,1610,,,1
1293,66,Undirected,1611,,,1
1295,66,Undirected,1612,,,1
1296,66,Undirected,1613,,,1
1297,66,Undirected,1614,,,1
1298,66,Undirected,1615,,,1
1299,66,Undirected,1616,,,1
1300,66,Undirected,1617,,,1
1301,66,Undirected,1618,,,1
1302,66,Undirected,1619,,,1
1303,66,Undirected,1620,,,1
1304,66,Undirected,1621,,,1
1305,66,Undirected,1622,,,1
1306,66,Undirected,1623,,,1
1307,66,Undirected,1624,,,1
1308,66,Undirected,1625,,,1
1001,66,Undirected,1626,,,1
1145,66,Undirected,1627,,,1
1317,105,Undirected,1641,,,1
1316,105,Undirected,1640,,,1
1315,105,Undirected,1639,,,1
1314,105,Undirected,1637,,,1
1312,105,Undirected,1632,,,1
1309,105,Undirected,1633,,,1
1310,105,Undirected,1634,,,1
1311,105,Undirected,1635,,,1
1312,105,Undirected,1636,,,1
1318,105,Undirected,1642,,,1
136,105,Undirected,1643,,,1
1319,105,Undirected,1644,,,1
1310,105,Undirected,1645,,,1
1320,105,Undirected,1646,,,1
1321,105,Undirected,1647,,,1
1322,105,Undirected,1648,,,1
1323,86,Undirected,1649,,,1
1324,86,Undirected,1650,,,1
1325,86,Undirected,1651,,,1
1326,86,Undirected,1652,,,1
1017,86,Undirected,1653,,,1
1327,86,Undirected,1654,,,1
1328,86,Undirected,1655,,,1
1329,86,Undirected,1656,,,1
1276,86,Undirected,1657,,,1
1330,86,Undirected,1658,,,1
1331,86,Undirected,1659,,,1
1283,86,Undirected,1660,,,1
1332,86,Undirected,1661,,,1
604,86,Undirected,1662,,,1
1295,86,Undirected,1663,,,1
678,86,Undirected,1664,,,1
328,86,Undirected,1665,,,1
1333,86,Undirected,1666,,,1
599,86,Undirected,1667,,,1
960,86,Undirected,1668,,,1
961,86,Undirected,1669,,,1
1334,86,Undirected,1670,,,1
1335,86,Undirected,1671,,,1
1336,86,Undirected,1672,,,1
1301,86,Undirected,1673,,,1
443,91,Undirected,1674,,,1
1191,91,Undirected,1675,,,1
839,91,Undirected,1676,,,1
1207,91,Undirected,1677,,,1
811,91,Undirected,1678,,,1
683,91,Undirected,1679,,,1
687,91,Undirected,1680,,,1
1338,91,Undirected,1681,,,1
766,91,Undirected,1682,,,1
682,91,Undirected,1683,,,1
1339,91,Undirected,1684,,,1
1340,91,Undirected,1685,,,1
1341,91,Undirected,1686,,,1
506,91,Undirected,1687,,,1
843,91,Undirected,1688,,,1
167,91,Undirected,1689,,,1
1342,91,Undirected,1690,,,1
1343,91,Undirected,1691,,,1
1313,105,Undirected,1692,,,1
1294,66,Undirected,1693,,,1
1344,69,Undirected,1694,,,1
1345,69,Undirected,1695,,,1
1346,69,Undirected,1696,,,1
1347,69,Undirected,1697,,,1
1348,69,Undirected,1698,,,1
1349,69,Undirected,1699,,,1
1350,69,Undirected,1700,,,1
1351,69,Undirected,1701,,,1
1352,69,Undirected,1702,,,1
1353,69,Undirected,1703,,,1
1354,69,Undirected,1704,,,1
1355,69,Undirected,1705,,,1
1356,69,Undirected,1706,,,1
1357,69,Undirected,1707,,,1
1358,69,Undirected,1708,,,1
1359,69,Undirected,1709,,,1
1360,69,Undirected,1710,,,1
1361,69,Undirected,1711,,,1
1362,69,Undirected,1712,,,1
1363,69,Undirected,1713,,,1
1364,69,Undirected,1714,,,1
1365,69,Undirected,1715,,,1
1366,69,Undirected,1716,,,1
1367,69,Undirected,1717,,,1
676,115,Undirected,1718,,,1
963,115,Undirected,1719,,,1
989,115,Undirected,1720,,,1
1368,115,Undirected,1721,,,1
1018,115,Undirected,1722,,,1
1369,115,Undirected,1723,,,1
1370,115,Undirected,1724,,,1
956,115,Undirected,1725,,,1
1372,115,Undirected,1726,,,1
1373,115,Undirected,1727,,,1
1374,115,Undirected,1728,,,1
1014,115,Undirected,1729,,,1
1376,54,Undirected,1731,,,1
1377,54,Undirected,1732,,,1
1378,54,Undirected,1733,,,1
599,58,Undirected,1734,,,1
570,58,Undirected,1735,,,1
1379,58,Undirected,1736,,,1
1380,58,Undirected,1737,,,1
1381,58,Undirected,1738,,,1
1382,58,Undirected,1739,,,1
681,58,Undirected,1740,,,1
1383,58,Undirected,1741,,,1
1384,58,Undirected,1742,,,1
395,58,Undirected,1743,,,1
959,58,Undirected,1744,,,1
1385,58,Undirected,1745,,,1
1386,58,Undirected,1746,,,1
1388,58,Undirected,1747,,,1
1389,58,Undirected,1748,,,1
596,58,Undirected,1749,,,1
1390,58,Undirected,1750,,,1
509,58,Undirected,1751,,,1
1391,58,Undirected,1752,,,1
1392,58,Undirected,1753,,,1
1393,58,Undirected,1754,,,1
1394,58,Undirected,1755,,,1
1395,58,Undirected,1756,,,1
1396,58,Undirected,1757,,,1
1050,58,Undirected,1758,,,1
1397,58,Undirected,1759,,,1
420,58,Undirected,1760,,,1
1398,58,Undirected,1761,,,1
1399,58,Undirected,1762,,,1
1120,58,Undirected,1763,,,1
1400,58,Undirected,1764,,,1
1401,58,Undirected,1765,,,1
597,58,Undirected,1766,,,1
1402,58,Undirected,1767,,,1
1403,58,Undirected,1768,,,1
1404,58,Undirected,1769,,,1
456,58,Undirected,1770,,,1
1406,58,Undirected,1771,,,1
1407,58,Undirected,1772,,,1
1408,58,Undirected,1773,,,1
1409,58,Undirected,1774,,,1
771,80,Undirected,1775,,,1
1410,80,Undirected,1776,,,1
989,80,Undirected,1777,,,1
1411,80,Undirected,1778,,,1
573,80,Undirected,1779,,,1
448,80,Undirected,1780,,,1
683,80,Undirected,1781,,,1
388,80,Undirected,1782,,,1
1412,80,Undirected,1783,,,1
574,80,Undirected,1784,,,1
772,80,Undirected,1785,,,1
509,80,Undirected,1786,,,1
1413,80,Undirected,1787,,,1
1161,80,Undirected,1788,,,1
510,80,Undirected,1789,,,1
515,80,Undirected,1790,,,1
1414,44,Undirected,1791,,,1
610,44,Undirected,1792,,,1
1415,44,Undirected,1793,,,1
1416,44,Undirected,1794,,,1
619,44,Undirected,1795,,,1
610,44,Undirected,1796,,,1
1352,44,Undirected,1797,,,1
1417,44,Undirected,1798,,,1
1362,44,Undirected,1799,,,1
1418,44,Undirected,1800,,,1
1419,44,Undirected,1801,,,1
1420,44,Undirected,1802,,,1
1421,44,Undirected,1803,,,1
1422,44,Undirected,1804,,,1
1351,44,Undirected,1805,,,1
1423,44,Undirected,1806,,,1
1424,44,Undirected,1807,,,1
1425,44,Undirected,1808,,,1
292,44,Undirected,1809,,,1
295,44,Undirected,1810,,,1
1426,44,Undirected,1811,,,1
1427,44,Undirected,1812,,,1
1428,44,Undirected,1813,,,1
292,44,Undirected,1814,,,1
1429,44,Undirected,1815,,,1
1430,44,Undirected,1816,,,1
1426,44,Undirected,1817,,,1
1431,44,Undirected,1818,,,1
623,44,Undirected,1819,,,1
1432,44,Undirected,1820,,,1
1433,44,Undirected,1821,,,1
1109,44,Undirected,1822,,,1
1434,44,Undirected,1823,,,1
1435,44,Undirected,1824,,,1
635,44,Undirected,1825,,,1
1436,44,Undirected,1826,,,1
407,44,Undirected,1827,,,1
1437,44,Undirected,1828,,,1
1438,44,Undirected,1829,,,1
342,44,Undirected,1830,,,1
318,44,Undirected,1831,,,1
1439,44,Undirected,1832,,,1
1440,44,Undirected,1833,,,1
1441,44,Undirected,1834,,,1
638,44,Undirected,1835,,,1
642,44,Undirected,1836,,,1
1442,44,Undirected,1837,,,1
1443,44,Undirected,1838,,,1
582,44,Undirected,1839,,,1
1129,44,Undirected,1840,,,1
1445,97,Undirected,1843,,,1
1387,58,Undirected,1842,,,1
1446,97,Undirected,1844,,,1
1447,97,Undirected,1845,,,1
1448,97,Undirected,1846,,,1
1449,97,Undirected,1847,,,1
1450,97,Undirected,1848,,,1
1451,97,Undirected,1849,,,1
1452,97,Undirected,1850,,,1
1453,97,Undirected,1851,,,1
1454,97,Undirected,1852,,,1
1455,97,Undirected,1853,,,1
1456,97,Undirected,1854,,,1
1457,97,Undirected,1855,,,1
1459,97,Undirected,1856,,,1
1460,97,Undirected,1857,,,1
1461,97,Undirected,1858,,,1
1462,98,Undirected,1859,,,1
130,98,Undirected,1860,,,1
394,98,Undirected,1861,,,1
224,98,Undirected,1862,,,1
852,98,Undirected,1863,,,1
302,98,Undirected,1864,,,1
1192,98,Undirected,1865,,,1
1463,98,Undirected,1866,,,1
470,98,Undirected,1867,,,1
132,62,Undirected,1868,,,1
1204,62,Undirected,1869,,,1
656,62,Undirected,1870,,,1
1381,62,Undirected,1871,,,1
673,62,Undirected,1872,,,1
1464,62,Undirected,1873,,,1
992,62,Undirected,1874,,,1
1465,62,Undirected,1875,,,1
1258,62,Undirected,1876,,,1
134,62,Undirected,1877,,,1
1466,62,Undirected,1878,,,1
1467,62,Undirected,1879,,,1
189,62,Undirected,1880,,,1
1468,62,Undirected,1881,,,1
1469,85,Undirected,1882,,,1
397,85,Undirected,1883,,,1
992,85,Undirected,1884,,,1
1470,85,Undirected,1885,,,1
1395,85,Undirected,1886,,,1
459,85,Undirected,1887,,,1
565,85,Undirected,1888,,,1
41,24,Undirected,1889,,,1
143,24,Undirected,1891,,,1
1472,24,Undirected,1892,,,1
1473,24,Undirected,1893,,,1
148,24,Undirected,1894,,,1
1474,24,Undirected,1895,,,1
1475,24,Undirected,1896,,,1
1476,24,Undirected,1897,,,1
348,24,Undirected,1898,,,1
1477,24,Undirected,1899,,,1
150,24,Undirected,1900,,,1
1478,24,Undirected,1901,,,1
1479,24,Undirected,1902,,,1
1480,24,Undirected,1903,,,1
1481,24,Undirected,1904,,,1
142,24,Undirected,1905,,,1
1482,24,Undirected,1906,,,1
141,24,Undirected,1907,,,1
1483,24,Undirected,1908,,,1
1484,24,Undirected,1909,,,1
1485,24,Undirected,1910,,,1
1486,24,Undirected,1911,,,1
1487,24,Undirected,1912,,,1
1488,24,Undirected,1913,,,1
1489,24,Undirected,1914,,,1
1490,24,Undirected,1915,,,1
1491,24,Undirected,1916,,,1
1492,24,Undirected,1917,,,1
147,24,Undirected,1918,,,1
904,18,Directed,2326,,,1
992,85,Undirected,1934,,,1
397,18,Undirected,2240,,,1
1469,85,Undirected,1932,,,1
1458,97,Undirected,1931,,,1
593,48,Undirected,1924,,,1
351,48,Undirected,1925,,,1
1496,48,Undirected,1926,,,1
573,48,Undirected,1927,,,1
1495,48,Undirected,1928,,,1
1494,48,Undirected,1929,,,1
1493,48,Undirected,1930,,,1
1395,85,Undirected,1936,,,1
1069,18,Undirected,2066,,,1
565,85,Undirected,1938,,,1
506,77,Undirected,1942,,,1
992,77,Undirected,1943,,,1
683,77,Undirected,1944,,,1
1498,77,Undirected,1945,,,1
1165,77,Undirected,1946,,,1
1207,77,Undirected,1947,,,1
1048,77,Undirected,1948,,,1
1499,77,Undirected,1949,,,1
1500,77,Undirected,1950,,,1
656,77,Undirected,1951,,,1
664,77,Undirected,1952,,,1
509,77,Undirected,1953,,,1
1323,77,Undirected,1954,,,1
459,77,Undirected,1955,,,1
388,77,Undirected,1956,,,1
1501,77,Undirected,1957,,,1
1502,77,Undirected,1958,,,1
594,77,Undirected,1959,,,1
1503,77,Undirected,1960,,,1
878,77,Undirected,1961,,,1
1504,77,Undirected,1962,,,1
989,77,Undirected,1963,,,1
485,77,Undirected,1964,,,1
1505,11,Undirected,1966,,,1
1506,11,Undirected,1967,,,1
1507,11,Undirected,1968,,,1
1508,11,Undirected,1969,,,1
642,11,Undirected,1970,,,1
351,11,Undirected,1971,,,1
1510,11,Undirected,1972,,,1
142,11,Undirected,1973,,,1
621,11,Undirected,1974,,,1
1511,11,Undirected,1975,,,1
1431,11,Undirected,1976,,,1
636,11,Undirected,1977,,,1
1512,11,Undirected,1978,,,1
627,11,Undirected,1979,,,1
628,11,Undirected,1980,,,1
391,11,Undirected,1981,,,1
623,11,Undirected,1982,,,1
1513,11,Undirected,1983,,,1
1514,11,Undirected,1984,,,1
1515,11,Undirected,1985,,,1
359,11,Undirected,1993,,,1
1517,11,Undirected,1987,,,1
1518,11,Undirected,1988,,,1
138,11,Undirected,1989,,,1
361,11,Undirected,1990,,,1
1519,11,Undirected,1991,,,1
1136,11,Undirected,1992,,,1
1520,11,Undirected,1994,,,1
1521,11,Undirected,1995,,,1
643,11,Undirected,1996,,,1
1522,11,Undirected,1997,,,1
1523,1,Undirected,1998,,,1
1524,1,Undirected,1999,,,1
692,1,Undirected,2000,,,1
1463,1,Undirected,2001,,,1
508,87,Undirected,2003,,,1
681,87,Undirected,2004,,,1
515,87,Undirected,2005,,,1
683,87,Undirected,2006,,,1
1525,87,Undirected,2007,,,1
1526,87,Undirected,2008,,,1
593,87,Undirected,2009,,,1
510,87,Undirected,2010,,,1
773,87,Undirected,2011,,,1
1527,87,Undirected,2012,,,1
1528,54,Undirected,2013,,,1
962,54,Undirected,2014,,,1
1529,54,Undirected,2016,,,1
1334,54,Undirected,2017,,,1
606,54,Undirected,2018,,,1
899,54,Undirected,2019,,,1
794,54,Undirected,2020,,,1
1530,54,Undirected,2021,,,1
1375,54,Undirected,2022,,,1
595,54,Undirected,2023,,,1
1531,54,Undirected,2024,,,1
397,88,Undirected,2025,,,1
1046,88,Undirected,2026,,,1
1532,88,Undirected,2027,,,1
1533,88,Undirected,2028,,,1
573,88,Undirected,2029,,,1
387,88,Undirected,2030,,,1
1534,88,Undirected,2031,,,1
1470,88,Undirected,2032,,,1
570,88,Undirected,2033,,,1
572,88,Undirected,2034,,,1
1284,88,Undirected,2035,,,1
965,88,Undirected,2036,,,1
1086,88,Undirected,2037,,,1
1535,88,Undirected,2038,,,1
1536,88,Undirected,2039,,,1
959,88,Undirected,2040,,,1
1537,88,Undirected,2041,,,1
483,18,Undirected,2042,,,1
1538,18,Undirected,2043,,,1
1539,18,Undirected,2044,,,1
1540,18,Undirected,2045,,,1
1541,18,Undirected,2046,,,1
377,18,Undirected,2047,,,1
1542,18,Undirected,2048,,,1
1543,18,Undirected,2049,,,1
1544,18,Undirected,2050,,,1
737,18,Undirected,2051,,,1
1046,18,Undirected,2052,,,1
199,18,Undirected,2053,,,1
1499,18,Undirected,2054,,,1
1545,18,Undirected,2055,,,1
990,18,Undirected,2056,,,1
1546,18,Undirected,2057,,,1
196,18,Undirected,2058,,,1
749,18,Undirected,2059,,,1
866,18,Undirected,2060,,,1
217,18,Undirected,2061,,,1
1547,18,Undirected,2062,,,1
1548,18,Undirected,2063,,,1
1549,18,Undirected,2064,,,1
459,18,Undirected,2065,,,1
1550,18,Undirected,2067,,,1
1551,18,Undirected,2068,,,1
1552,18,Undirected,2069,,,1
1553,18,Undirected,2070,,,1
1554,18,Undirected,2071,,,1
1555,18,Undirected,2072,,,1
387,18,Undirected,2073,,,1
1410,18,Undirected,2074,,,1
1309,18,Undirected,2075,,,1
675,18,Undirected,2076,,,1
1557,18,Undirected,2077,,,1
1558,18,Undirected,2078,,,1
1559,18,Undirected,2079,,,1
1560,18,Undirected,2080,,,1
570,18,Undirected,2081,,,1
1561,18,Undirected,2082,,,1
1562,18,Undirected,2083,,,1
1563,18,Undirected,2084,,,1
1564,18,Undirected,2085,,,1
900,18,Undirected,2086,,,1
1320,18,Undirected,2087,,,1
1565,18,Undirected,2088,,,1
1566,18,Undirected,2089,,,1
1567,18,Undirected,2090,,,1
1568,18,Undirected,2091,,,1
1569,18,Undirected,2092,,,1
1315,18,Undirected,2093,,,1
1570,18,Undirected,2094,,,1
1571,18,Undirected,2095,,,1
1572,18,Undirected,2096,,,1
185,18,Undirected,2097,,,1
857,18,Undirected,2098,,,1
187,18,Undirected,2099,,,1
386,18,Undirected,2100,,,1
674,18,Undirected,2101,,,1
212,18,Undirected,2102,,,1
756,18,Undirected,2103,,,1
1573,18,Undirected,2104,,,1
676,18,Undirected,2105,,,1
955,18,Undirected,2106,,,1
1574,18,Undirected,2107,,,1
1047,18,Undirected,2108,,,1
1575,18,Undirected,2109,,,1
1576,18,Undirected,2110,,,1
595,18,Undirected,2111,,,1
1411,18,Undirected,2112,,,1
1577,18,Undirected,2113,,,1
1578,18,Undirected,2114,,,1
1579,18,Undirected,2115,,,1
1580,18,Undirected,2116,,,1
1581,18,Undirected,2117,,,1
1582,18,Undirected,2118,,,1
686,18,Undirected,2119,,,1
1583,18,Undirected,2120,,,1
1584,18,Undirected,2121,,,1
388,18,Undirected,2122,,,1
1466,18,Undirected,2123,,,1
1585,18,Undirected,2124,,,1
1586,18,Undirected,2125,,,1
464,18,Undirected,2126,,,1
1534,18,Undirected,2127,,,1
1587,18,Undirected,2128,,,1
821,18,Undirected,2129,,,1
682,18,Undirected,2130,,,1
1588,18,Undirected,2131,,,1
1340,18,Undirected,2132,,,1
193,18,Undirected,2133,,,1
572,18,Undirected,2134,,,1
197,18,Undirected,2135,,,1
1589,18,Undirected,2136,,,1
1590,18,Undirected,2137,,,1
760,18,Undirected,2138,,,1
1591,18,Undirected,2139,,,1
1592,18,Undirected,2140,,,1
1593,18,Undirected,2141,,,1
1594,18,Undirected,2142,,,1
1595,18,Undirected,2143,,,1
1596,18,Undirected,2144,,,1
1597,18,Undirected,2145,,,1
1598,18,Undirected,2146,,,1
1599,18,Undirected,2147,,,1
1600,18,Undirected,2148,,,1
1601,18,Undirected,2149,,,1
1369,18,Undirected,2150,,,1
1602,18,Undirected,2151,,,1
1603,18,Undirected,2152,,,1
1604,18,Undirected,2153,,,1
1605,18,Undirected,2154,,,1
1606,18,Undirected,2155,,,1
1607,18,Undirected,2156,,,1
622,18,Undirected,2157,,,1
380,18,Undirected,2158,,,1
766,18,Undirected,2159,,,1
191,18,Undirected,2160,,,1
1608,18,Undirected,2161,,,1
1609,18,Undirected,2162,,,1
1610,18,Undirected,2163,,,1
1611,18,Undirected,2164,,,1
1612,18,Undirected,2165,,,1
1613,18,Undirected,2166,,,1
177,18,Undirected,2167,,,1
1614,18,Undirected,2168,,,1
768,18,Undirected,2169,,,1
1615,18,Undirected,2170,,,1
790,18,Undirected,2171,,,1
1616,18,Undirected,2172,,,1
1314,18,Undirected,2173,,,1
1617,18,Undirected,2174,,,1
1618,18,Undirected,2175,,,1
835,18,Undirected,2176,,,1
1619,18,Undirected,2177,,,1
1620,18,Undirected,2178,,,1
189,18,Undirected,2179,,,1
1468,18,Undirected,2180,,,1
1621,18,Undirected,2181,,,1
1622,18,Undirected,2182,,,1
1623,18,Undirected,2183,,,1
178,18,Undirected,2184,,,1
1624,18,Undirected,2185,,,1
1625,18,Undirected,2186,,,1
520,18,Undirected,2187,,,1
1626,18,Undirected,2188,,,1
474,18,Undirected,2189,,,1
1627,18,Undirected,2190,,,1
1628,18,Undirected,2191,,,1
1629,18,Undirected,2192,,,1
521,18,Undirected,2194,,,1
650,18,Undirected,2195,,,1
1630,18,Undirected,2196,,,1
540,18,Undirected,2197,,,1
1631,18,Undirected,2198,,,1
520,18,Undirected,2211,,,1
1633,18,Undirected,2200,,,1
1634,18,Undirected,2201,,,1
545,18,Undirected,2202,,,1
547,18,Undirected,2203,,,1
1635,18,Undirected,2204,,,1
671,18,Undirected,2205,,,1
1636,18,Undirected,2206,,,1
134,18,Undirected,2207,,,1
1637,18,Undirected,2208,,,1
174,18,Undirected,2209,,,1
383,18,Undirected,2210,,,1
1638,18,Undirected,2212,,,1
1467,18,Undirected,2213,,,1
773,18,Undirected,2214,,,1
653,18,Undirected,2215,,,1
1639,18,Undirected,2216,,,1
1640,18,Undirected,2217,,,1
1641,18,Undirected,2218,,,1
667,18,Undirected,2219,,,1
1642,18,Undirected,2220,,,1
1643,18,Undirected,2221,,,1
1644,18,Undirected,2222,,,1
1645,18,Undirected,2223,,,1
1646,18,Undirected,2224,,,1
1647,18,Undirected,2225,,,1
568,18,Undirected,2226,,,1
1648,18,Undirected,2227,,,1
1649,18,Undirected,2228,,,1
1650,18,Undirected,2229,,,1
1651,18,Undirected,2230,,,1
1652,18,Undirected,2231,,,1
1653,18,Undirected,2232,,,1
461,18,Undirected,2233,,,1
1654,18,Undirected,2234,,,1
1655,18,Undirected,2235,,,1
1656,18,Undirected,2236,,,1
1657,18,Undirected,2237,,,1
895,18,Undirected,2238,,,1
1658,18,Undirected,2239,,,1
1659,18,Undirected,2241,,,1
1660,18,Undirected,2242,,,1
1661,18,Undirected,2243,,,1
1662,18,Undirected,2244,,,1
1663,18,Undirected,2245,,,1
1664,18,Undirected,2246,,,1
755,18,Undirected,2247,,,1
1665,18,Undirected,2248,,,1
1312,18,Undirected,2249,,,1
1667,18,Undirected,2250,,,1
1668,18,Undirected,2251,,,1
741,18,Undirected,2252,,,1
1669,18,Undirected,2253,,,1
1670,18,Undirected,2254,,,1
1671,18,Undirected,2255,,,1
491,18,Undirected,2256,,,1
1672,18,Undirected,2257,,,1
1673,18,Undirected,2258,,,1
1674,18,Undirected,2259,,,1
1675,18,Undirected,2260,,,1
1676,18,Undirected,2261,,,1
1677,18,Undirected,2262,,,1
186,18,Undirected,2263,,,1
1678,18,Undirected,2264,,,1
1679,18,Undirected,2265,,,1
1311,18,Undirected,2266,,,1
1680,18,Undirected,2267,,,1
215,18,Undirected,2268,,,1
1681,18,Undirected,2269,,,1
1682,18,Undirected,2270,,,1
1683,18,Undirected,2271,,,1
1684,18,Undirected,2272,,,1
1313,18,Undirected,2273,,,1
571,18,Undirected,2274,,,1
1685,18,Undirected,2275,,,1
1686,18,Undirected,2276,,,1
1687,18,Undirected,2277,,,1
1688,18,Undirected,2278,,,1
1689,18,Undirected,2279,,,1
1690,18,Undirected,2280,,,1
1691,18,Undirected,2281,,,1
1692,18,Undirected,2282,,,1
1693,18,Undirected,2283,,,1
1694,18,Undirected,2284,,,1
1695,18,Undirected,2285,,,1
1696,18,Undirected,2286,,,1
1697,18,Undirected,2287,,,1
1698,18,Undirected,2288,,,1
1699,18,Undirected,2289,,,1
1700,18,Undirected,2290,,,1
1701,18,Undirected,2291,,,1
1702,18,Undirected,2292,,,1
1703,18,Undirected,2293,,,1
460,18,Undirected,2294,,,1
1339,18,Undirected,2295,,,1
136,18,Undirected,2296,,,1
1704,18,Undirected,2297,,,1
1705,18,Undirected,2298,,,1
1706,18,Undirected,2299,,,1
1707,18,Undirected,2300,,,1
1708,18,Undirected,2301,,,1
1709,18,Undirected,2302,,,1
782,18,Undirected,2303,,,1
1710,18,Undirected,2304,,,1
385,18,Undirected,2305,,,1
1711,18,Undirected,2306,,,1
194,18,Undirected,2307,,,1
1712,18,Undirected,2308,,,1
1095,18,Undirected,2309,,,1
1713,18,Undirected,2310,,,1
211,18,Undirected,2311,,,1
1714,18,Undirected,2312,,,1
1465,18,Undirected,2313,,,1
1715,18,Undirected,2314,,,1
1716,18,Undirected,2315,,,1
1717,18,Undirected,2316,,,1
1718,18,Undirected,2317,,,1
1719,18,Undirected,2318,,,1
1720,18,Undirected,2319,,,1
1721,18,Undirected,2320,,,1
1722,18,Directed,2322,,,1
1723,18,Directed,2323,,,1
1412,18,Directed,2324,,,1
1470,18,Directed,2325,,,1
1724,18,Directed,2327,,,1
1725,18,Directed,2328,,,1
1726,18,Directed,2329,,,1
1727,18,Directed,2330,,,1
180,18,Directed,2331,,,1
1728,18,Directed,2332,,,1
1729,18,Directed,2333,,,1
602,18,Directed,2334,,,1
1730,18,Directed,2335,,,1
1731,18,Directed,2336,,,1
1732,18,Directed,2337,,,1
1733,18,Directed,2338,,,1
1734,18,Directed,2339,,,1
1338,18,Directed,2340,,,1
1735,18,Directed,2341,,,1
465,18,Directed,2342,,,1
1736,18,Directed,2343,,,1
1737,18,Directed,2344,,,1
1738,18,Directed,2345,,,1
1739,18,Directed,2346,,,1
1740,18,Directed,2347,,,1
1741,18,Directed,2348,,,1
1742,18,Directed,2349,,,1
574,18,Directed,2350,,,1
466,18,Directed,2351,,,1
673,18,Directed,2352,,,1
198,18,Directed,2353,,,1
182,18,Directed,2354,,,1
181,18,Directed,2355,,,1
1743,18,Directed,2356,,,1
575,18,Directed,2357,,,1
1744,18,Directed,2358,,,1
302,18,Directed,2359,,,1
1745,18,Directed,2360,,,1
1746,18,Directed,2361,,,1
1747,18,Directed,2362,,,1
1748,18,Directed,2363,,,1
299,18,Directed,2364,,,1
1428,18,Directed,2365,,,1
1488,18,Directed,2366,,,1
401,18,Directed,2367,,,1
1749,18,Directed,2368,,,1
1750,18,Directed,2369,,,1
337,18,Directed,2370,,,1
1751,18,Directed,2371,,,1
1417,18,Directed,2372,,,1
153,18,Directed,2373,,,1
623,18,Directed,2374,,,1
1752,18,Directed,2375,,,1
1753,18,Directed,2376,,,1
1754,18,Directed,2377,,,1
132,18,Directed,2378,,,1
1755,18,Directed,2379,,,1
1756,18,Directed,2380,,,1
1204,18,Directed,2381,,,1
919,18,Undirected,2382,,,1
1757,18,Undirected,2383,,,1
1758,18,Undirected,2384,,,1
1759,18,Undirected,2385,,,1
512,18,Undirected,2386,,,1
827,18,Undirected,2387,,,1
1760,18,Undirected,2388,,,1
179,18,Undirected,2389,,,1
991,18,Undirected,2390,,,1
129,18,Undirected,2391,,,1
1761,18,Undirected,2392,,,1
812,18,Undirected,2393,,,1
1762,18,Undirected,2394,,,1
1763,18,Undirected,2395,,,1
506,18,Undirected,2396,,,1
735,18,Undirected,2397,,,1
733,18,Undirected,2398,,,1
201,18,Undirected,2399,,,1
204,18,Undirected,2400,,,1
130,18,Undirected,2401,,,1
593,18,Undirected,2402,,,1
1193,18,Undirected,2403,,,1
703,18,Undirected,2406,,,1
224,18,Undirected,2407,,,1
